threshold,agreement_with_oracle,agreement_with_human_labels,proxy_share,cost_per_1000_verdicts_usd
0.0,0.9767,0.9535,0.9535,2.0301
0.84,0.9767,0.9535,0.9535,2.0301
0.88,0.9767,0.9535,0.9302,2.1907
0.9,0.9767,0.9535,0.8605,2.6725
0.91,0.9767,0.9535,0.8372,2.833
0.92,0.9767,0.9535,0.814,2.9936
0.93,1.0,0.9302,0.5814,4.5994
0.94,1.0,0.9302,0.5349,4.9205
0.95,1.0,0.9302,0.5116,5.0811
0.96,1.0,0.9302,0.4651,5.4023
0.97,1.0,0.9302,0.2791,6.6869
0.98,1.0,0.9302,0.2093,7.1686
0.99,1.0,0.9302,0.093,7.9715
1.01,1.0,0.9302,0.0,8.6138
